{
  "admin-dashboard" : {
    "transaction" : "admin-dashboard",
    "sampleCount" : 10,
    "errorCount" : 0,
    "errorPct" : 0.0,
    "meanResTime" : 8.600000000000001,
    "medianResTime" : 8.0,
    "minResTime" : 6.0,
    "maxResTime" : 11.0,
    "pct1ResTime" : 11.0,
    "pct2ResTime" : 11.0,
    "pct3ResTime" : 11.0,
    "throughput" : 2.824858757062147,
    "receivedKBytesPerSec" : 2.5186484816384183,
    "sentKBytesPerSec" : 0.3613832980225989
  },
  "Total" : {
    "transaction" : "Total",
    "sampleCount" : 50,
    "errorCount" : 0,
    "errorPct" : 0.0,
    "meanResTime" : 9.8,
    "medianResTime" : 9.0,
    "minResTime" : 5.0,
    "maxResTime" : 43.0,
    "pct1ResTime" : 12.0,
    "pct2ResTime" : 19.04999999999996,
    "pct3ResTime" : 43.0,
    "throughput" : 13.781697905181918,
    "receivedKBytesPerSec" : 12.287783386163175,
    "sentKBytesPerSec" : 1.7119452866593163
  },
  "profile" : {
    "transaction" : "profile",
    "sampleCount" : 10,
    "errorCount" : 0,
    "errorPct" : 0.0,
    "meanResTime" : 7.699999999999999,
    "medianResTime" : 7.5,
    "minResTime" : 6.0,
    "maxResTime" : 10.0,
    "pct1ResTime" : 9.9,
    "pct2ResTime" : 10.0,
    "pct3ResTime" : 10.0,
    "throughput" : 2.826455624646693,
    "receivedKBytesPerSec" : 2.5200722512719054,
    "sentKBytesPerSec" : 0.3395059002261165
  },
  "faculty-dashboard" : {
    "transaction" : "faculty-dashboard",
    "sampleCount" : 10,
    "errorCount" : 0,
    "errorPct" : 0.0,
    "meanResTime" : 7.5,
    "medianResTime" : 7.5,
    "minResTime" : 5.0,
    "maxResTime" : 11.0,
    "pct1ResTime" : 10.8,
    "pct2ResTime" : 11.0,
    "pct3ResTime" : 11.0,
    "throughput" : 2.827254735651682,
    "receivedKBytesPerSec" : 2.5207847398925645,
    "sentKBytesPerSec" : 0.3672117967203845
  },
  "homepage" : {
    "transaction" : "homepage",
    "sampleCount" : 10,
    "errorCount" : 0,
    "errorPct" : 0.0,
    "meanResTime" : 13.200000000000001,
    "medianResTime" : 10.0,
    "minResTime" : 7.0,
    "maxResTime" : 43.0,
    "pct1ResTime" : 39.90000000000001,
    "pct2ResTime" : 43.0,
    "pct3ResTime" : 43.0,
    "throughput" : 2.7878449958182325,
    "receivedKBytesPerSec" : 2.485646954279342,
    "sentKBytesPerSec" : 0.31581056593253415
  },
  "student-dashboard" : {
    "transaction" : "student-dashboard",
    "sampleCount" : 10,
    "errorCount" : 0,
    "errorPct" : 0.0,
    "meanResTime" : 12.000000000000002,
    "medianResTime" : 10.5,
    "minResTime" : 9.0,
    "maxResTime" : 24.0,
    "pct1ResTime" : 23.1,
    "pct2ResTime" : 24.0,
    "pct3ResTime" : 24.0,
    "throughput" : 2.8145229383619474,
    "receivedKBytesPerSec" : 2.5094330495356036,
    "sentKBytesPerSec" : 0.3655581550802139
  }
}