{
  "teacher-dashboard" : {
    "transaction" : "teacher-dashboard",
    "sampleCount" : 20,
    "errorCount" : 10,
    "errorPct" : 50.0,
    "meanResTime" : 7.800000000000001,
    "medianResTime" : 6.5,
    "minResTime" : 3.0,
    "maxResTime" : 23.0,
    "pct1ResTime" : 15.0,
    "pct2ResTime" : 22.599999999999994,
    "pct3ResTime" : 23.0,
    "throughput" : 0.0836211293869735,
    "receivedKBytesPerSec" : 0.1447037512438643,
    "sentKBytesPerSec" : 0.005430473734603259
  },
  "test-performance" : {
    "transaction" : "test-performance",
    "sampleCount" : 20,
    "errorCount" : 10,
    "errorPct" : 50.0,
    "meanResTime" : 7.75,
    "medianResTime" : 6.0,
    "minResTime" : 3.0,
    "maxResTime" : 27.0,
    "pct1ResTime" : 24.10000000000002,
    "pct2ResTime" : 26.9,
    "pct3ResTime" : 27.0,
    "throughput" : 0.0836207797637713,
    "receivedKBytesPerSec" : 0.1447031462318386,
    "sentKBytesPerSec" : 0.006573703877913661
  },
  "test" : {
    "transaction" : "test",
    "sampleCount" : 20,
    "errorCount" : 10,
    "errorPct" : 50.0,
    "meanResTime" : 6.8,
    "medianResTime" : 5.5,
    "minResTime" : 3.0,
    "maxResTime" : 16.0,
    "pct1ResTime" : 15.0,
    "pct2ResTime" : 15.95,
    "pct3ResTime" : 16.0,
    "throughput" : 0.08362287754683927,
    "receivedKBytesPerSec" : 0.144706776379882,
    "sentKBytesPerSec" : 0.005308092813031789
  },
  "Total" : {
    "transaction" : "Total",
    "sampleCount" : 100,
    "errorCount" : 50,
    "errorPct" : 50.0,
    "meanResTime" : 12.399999999999997,
    "medianResTime" : 6.5,
    "minResTime" : 3.0,
    "maxResTime" : 150.0,
    "pct1ResTime" : 23.0,
    "pct2ResTime" : 52.89999999999975,
    "pct3ResTime" : 149.28999999999962,
    "throughput" : 0.41792217453265856,
    "receivedKBytesPerSec" : 0.7232012629608114,
    "sentKBytesPerSec" : 0.02714045371720878
  },
  "home" : {
    "transaction" : "home",
    "sampleCount" : 20,
    "errorCount" : 10,
    "errorPct" : 50.0,
    "meanResTime" : 29.799999999999997,
    "medianResTime" : 12.0,
    "minResTime" : 5.0,
    "maxResTime" : 150.0,
    "pct1ResTime" : 79.0,
    "pct2ResTime" : 146.44999999999993,
    "pct3ResTime" : 150.0,
    "throughput" : 0.08359666282122018,
    "receivedKBytesPerSec" : 0.14466141261640836,
    "sentKBytesPerSec" : 0.004734967230108174
  },
  "student-dashboard" : {
    "transaction" : "student-dashboard",
    "sampleCount" : 20,
    "errorCount" : 10,
    "errorPct" : 50.0,
    "meanResTime" : 9.849999999999998,
    "medianResTime" : 9.0,
    "minResTime" : 3.0,
    "maxResTime" : 23.0,
    "pct1ResTime" : 22.10000000000002,
    "pct2ResTime" : 23.0,
    "pct3ResTime" : 23.0,
    "throughput" : 0.08362287754683927,
    "receivedKBytesPerSec" : 0.144706776379882,
    "sentKBytesPerSec" : 0.005103935397145951
  }
}